\c :dbname postgres

INSERT INTO Customer(name,surname,addr,email,password,money,readstream,writestream) VALUES ('Adriano','Celentano','1,via-gluck,Milano,Italia,Europe','AdrianFox@gmail.com','plisincosin','10000.0','cust1_read_stream','cust1_write_stream');
INSERT INTO Customer(name,surname,addr,email,password,money,readstream,writestream) VALUES ('Mick','Jagger','16,victoria-street,London,United-Kingdom,Europe','mickjag@hotmail.uk','satisfaction1','95618.95','cust2_read_stream','cust2_write_stream');
INSERT INTO Customer(name,surname,addr,email,password,money,readstream,writestream) VALUES ('Paul','McCartney','60,abbey-road,Liverpool,United-Kingdom,Europe','liveandletdie@yahoo.com','eleanorrigby','45900.10','cust3_read_stream','cust3_write_stream');
INSERT INTO Customer(name,surname,addr,email,password,money,readstream,writestream) VALUES ('Ozzy','Osbourne','666,sabbath-street,Birmingham,United-Kingdom,Europe','prince.of.darkness@yahoo.com','OnACrazyTrain','22049.50','cust4_read_stream','cust4_write_stream');
INSERT INTO Customer(name,surname,addr,email,password,money,readstream,writestream) VALUES ('Axl','Rose','87,sunset-boulevard,Paradise-city,California,America','axl.rose@gmail.com','youre_in_a_jungle','8000.99','cust5_read_stream','cust5_write_stream');
INSERT INTO Customer(name,surname,addr,email,password,money,readstream,writestream) VALUES ('Chester','Bennington','1,Lincoln-Park,Los-Angeles,California,America','chben@hotmail.us','closertotheedge','66000.00','cust6_read_stream','cust6_write_stream');
INSERT INTO Customer(name,surname,addr,email,password,money,readstream,writestream) VALUES ('Michele','Salvemini','79,lungomare-blu,Molfetta,Italia,Europe','rezza.capa@gmail.com','VengoDallaLuna123','12500.10','cust7_read_stream','cust7_write_stream');
INSERT INTO Customer(name,surname,addr,email,password,money,readstream,writestream) VALUES ('Billy-Joe','Armstrong','1,boulevard-of-broken-dreams,San-Diego,California,America','american.idiot@gmail.com','21gunsIhave','75000.0','cust8_read_stream','cust8_write_stream');
INSERT INTO Customer(name,surname,addr,email,password,money,readstream,writestream) VALUES ('Klaus','Meine','24,munchen-strasse,Hamburg,Deutschland,Europe','rockbeliever1@gmail.com','imarockbeliever!','41340.0','cust9_read_stream','cust9_write_stream');
INSERT INTO Customer(name,surname,addr,email,password,money,readstream,writestream) VALUES ('Dave','Grohl','94,nirvana-road,Seattle,Washington,America','the.pretender@gmail.com','imthenirvanaguy','0.0','cust10_read_stream','cust10_write_stream');
INSERT INTO Customer(name,surname,addr,email,password,money,readstream,writestream) VALUES ('Brian','May','4,bicycle-road,London,United-Kingdom,Europe','brian.may@yahoo.uk','bicyclerace','100.30','cust11_read_stream','cust11_write_stream');
INSERT INTO Customer(name,surname,addr,email,password,money,readstream,writestream) VALUES ('Angus','Young','66,highway-to-hell,Sydney,Australia,Oceania','angus.acdc@hotmail.au','onTheHighwayToHell','4000.0','cust12_read_stream','cust12_write_stream');
INSERT INTO Customer(name,surname,addr,email,password,money,readstream,writestream) VALUES ('Eric','Clapton','1,layla-road,Ripley,United-Kingdom,Europe','ericclapton@yahoo.us','laylalayla','19999.0','cust13_read_stream','cust13_write_stream');
INSERT INTO Customer(name,surname,addr,email,password,money,readstream,writestream) VALUES ('Mark','Knopfler','42,dire-street,Glasgow,United-Kingdom,Europe','thesultain@swing.com','microwaveoven','1256.0','cust14_read_stream','cust14_write_stream');
INSERT INTO Customer(name,surname,addr,email,password,money,readstream,writestream) VALUES ('John','Frusciante','2,californication-road,Los-Angeles,California,America','john.frusc@gmail.com','cantstopthespirit','89000.0','cust15_read_stream','cust15_write_stream');

INSERT INTO Supplier(name,addr,email,password,readstream,writestream) VALUES ('Fender','1575,gower-street,Scottsdale,Arizona,America','fenderofficial@gmail.com','stratotelecaster','suppl1_read_stream','suppl1_write_stream');
INSERT INTO Supplier(name,addr,email,password,readstream,writestream) VALUES ('Gibson','20910,suite-avenue,Nashville,Tennessee,America','gibsonguitars@hotmail.us','saulHudsonYoureGreat','suppl2_read_stream','suppl2_write_stream');
INSERT INTO Supplier(name,addr,email,password,readstream,writestream) VALUES ('Marshall','10,denbigh-road,Bletchley,United-Kingdom,Europe','marshallamplis@gmail.com','marshall','suppl3_read_stream','suppl3_write_stream');
INSERT INTO Supplier(name,addr,email,password,readstream,writestream) VALUES ('Ibanez','1726-winchester-road,Bensalem,Pennsylvania,America','ibanez.official@gmail.us','thuglife_guitars','suppl4_read_stream','suppl4_write_stream');
INSERT INTO Supplier(name,addr,email,password,readstream,writestream) VALUES ('Yamaha','1,nakazawacho,Shizuoka,Japan,Asia','yamahamusic@yahoo.jp','yamamamaha','suppl5_read_stream','suppl5_write_stream');
INSERT INTO Supplier(name,addr,email,password,readstream,writestream) VALUES ('Daddario','595,smith-street,Farmingdale,New-York,America','thebeststrings@daddario.us','stringstrings','suppl6_read_stream','suppl6_write_stream');
INSERT INTO Supplier(name,addr,email,password,readstream,writestream) VALUES ('Ernie-Ball','53973,polk-street,Coachella,California,America','ernieball@ernie.ca','llabeinre','suppl7_read_stream','suppl7_write_stream');
INSERT INTO Supplier(name,addr,email,password,readstream,writestream) VALUES ('Kawai','200-terajima-cho,Hamamatsu-City,Japan,Asia','kawai@hotmail.jp','terajima','suppl8_read_stream','suppl8_write_stream');
INSERT INTO Supplier(name,addr,email,password,readstream,writestream) VALUES ('Pearl','707,Chiba-Road,Chiba,Japan,Asia','pearl@pearldrums.com','PearlBeat10','suppl9_read_stream','suppl9_write_stream');
INSERT INTO Supplier(name,addr,email,password,readstream,writestream) VALUES ('Sabian','606,Mediacorp-Road,Mediacorp,Canada,America','sabian@sabian.com','SabianCymbals','suppl10_read_stream','suppl10_write_stream');

INSERT INTO Company(name,addr) VALUES ('BRT','42,via-enrico-mattei,Bologna,Italia,Europe');
INSERT INTO Company(name,addr) VALUES ('DHL','5,heinrich-brüning-strasse,Bonn,Deutschland,Europe');
INSERT INTO Company(name,addr) VALUES ('Amazon','410,terry-avenue,Seattle,Washington,America');
INSERT INTO Company(name,addr) VALUES ('UPS','55,glenlake-parkway,Atlanta,Georgia,America');
INSERT INTO Company(name,addr) VALUES ('InPost','23,great-titchfield-street,London,United-Kingdom,Europe');
INSERT INTO Company(name,addr) VALUES ('TNT','111,taurus-avenue,Hoofddorp,Netherlands,Europe');

INSERT INTO Carrier(name,surname,company,status,readstream,writestream) VALUES ('Robin','Victors','Amazon','0','carr1_read_stream','carr1_write_stream');
INSERT INTO Carrier(name,surname,company,status,readstream,writestream) VALUES ('Charlton','Schoorel','Amazon','0','carr2_read_stream','carr2_write_stream');
INSERT INTO Carrier(name,surname,company,status,readstream,writestream) VALUES ('Galeazzo','Buono','BRT','0','carr3_read_stream','carr3_write_stream');
INSERT INTO Carrier(name,surname,company,status,readstream,writestream) VALUES ('Vladislav','Pandev','BRT','0','carr4_read_stream','carr4_write_stream');
INSERT INTO Carrier(name,surname,company,status,readstream,writestream) VALUES ('Tadeusz','Hummel','DHL','0','carr5_read_stream','carr5_write_stream');
INSERT INTO Carrier(name,surname,company,status,readstream,writestream) VALUES ('Harel','Schwarz','DHL','0','carr6_read_stream','carr6_write_stream');
INSERT INTO Carrier(name,surname,company,status,readstream,writestream) VALUES ('Harrison','Massey','InPost','0','carr7_read_stream','carr7_write_stream');
INSERT INTO Carrier(name,surname,company,status,readstream,writestream) VALUES ('Daniel','Farmer','InPost','0','carr8_read_stream','carr8_write_stream');
INSERT INTO Carrier(name,surname,company,status,readstream,writestream) VALUES ('Alexander','André','TNT','0','carr9_read_stream','carr9_write_stream');
INSERT INTO Carrier(name,surname,company,status,readstream,writestream) VALUES ('Humbert','Van-der-Berg','TNT','0','carr10_read_stream','carr10_write_stream');
INSERT INTO Carrier(name,surname,company,status,readstream,writestream) VALUES ('Alphonzo','Gabrielson','UPS','0','carr11_read_stream','carr11_write_stream');
INSERT INTO Carrier(name,surname,company,status,readstream,writestream) VALUES ('Rupert','Olmo','UPS','0','carr12_read_stream','carr12_write_stream');

INSERT INTO Product(name,price,avail,supplier,category,removed) VALUES ('Stratocaster',1249.99,10,1,'guitar',0);
INSERT INTO Product(name,price,avail,supplier,category,removed) VALUES ('Telecaster',999.99,5,1,'guitar',0);
INSERT INTO Product(name,price,avail,supplier,category,removed) VALUES ('Squier', 650.00,20,1,'guitar',0);
INSERT INTO Product(name,price,avail,supplier,category,removed) VALUES ('Bass', 800.49,2,1,'bass',0);
INSERT INTO Product(name,price,avail,supplier,category,removed) VALUES ('Champion-25-II-amplificator',169.99,10,1,'other',0);
INSERT INTO Product(name,price,avail,supplier,category,removed) VALUES ('Les-Paul',1599.95,10,2,'guitar',0);
INSERT INTO Product(name,price,avail,supplier,category,removed) VALUES ('SG-Guitar',1350.00,6,2,'guitar',0);
INSERT INTO Product(name,price,avail,supplier,category,removed) VALUES ('Explorer',2555.55,5,2,'guitar',0);
INSERT INTO Product(name,price,avail,supplier,category,removed) VALUES ('ES-Satin',2799.95,3,2,'guitar',0);
INSERT INTO Product(name,price,avail,supplier,category,removed) VALUES ('Acoustic', 2000.00,5,2,'guitar',0);
INSERT INTO Product(name,price,avail,supplier,category,removed) VALUES ('Action-III',300.15,12,3,'other',0);
INSERT INTO Product(name,price,avail,supplier,category,removed) VALUES ('MG30GFX',166.00,8,3,'other',0);
INSERT INTO Product(name,price,avail,supplier,category,removed) VALUES ('Emberton-II',145.00,5,3,'other',0);
INSERT INTO Product(name,price,avail,supplier,category,removed) VALUES ('Woburn-III',569.00,8,3,'other',0);
INSERT INTO Product(name,price,avail,supplier,category,removed) VALUES ('ST20C-combo',1059.00,2,3,'other',0);
INSERT INTO Product(name,price,avail,supplier,category,removed) VALUES ('Deep-Dusk',289.00,10,4,'guitar',0);
INSERT INTO Product(name,price,avail,supplier,category,removed) VALUES ('Royal-plum',1425.00,5,4,'guitar',0);
INSERT INTO Product(name,price,avail,supplier,category,removed) VALUES ('GSR180',198.00,8,4,'bass',0);
INSERT INTO Product(name,price,avail,supplier,category,removed) VALUES ('PSR-SX720',1529.95,4,5,'keyboard',0);
INSERT INTO Product(name,price,avail,supplier,category,removed) VALUES ('U3-reconditioned',13290.00,1,5,'piano',0);
INSERT INTO Product(name,price,avail,supplier,category,removed) VALUES ('digital-piano',2899.00,5,5,'piano',0);
INSERT INTO Product(name,price,avail,supplier,category,removed) VALUES ('DBR-10',380.75,12,5,'keyboard',0);
INSERT INTO Product(name,price,avail,supplier,category,removed) VALUES ('ARIUS',890.00,6,5,'keyboard',0);
INSERT INTO Product(name,price,avail,supplier,category,removed) VALUES ('PSRE373',284.50,10,5,'keyboard',0);
INSERT INTO Product(name,price,avail,supplier,category,removed) VALUES ('Exl170',29.99,40,6,'other',0);
INSERT INTO Product(name,price,avail,supplier,category,removed) VALUES ('NYXL1046',12.90,50,6,'other',0);
INSERT INTO Product(name,price,avail,supplier,category,removed) VALUES ('EJ16-ac',10.90,40,6,'other',0);
INSERT INTO Product(name,price,avail,supplier,category,removed) VALUES ('Regular-Slinky',6.25,40,7,'other',0);
INSERT INTO Product(name,price,avail,supplier,category,removed) VALUES ('Super-Slinky',7.50,40,7,'other',0);
INSERT INTO Product(name,price,avail,supplier,category,removed) VALUES ('Bronze-Light',7.60,30,7,'other',0);
INSERT INTO Product(name,price,avail,supplier,category,removed) VALUES ('CA901',3499.00,3,8,'keyboard',0);
INSERT INTO Product(name,price,avail,supplier,category,removed) VALUES ('KDP-120',899.00,5,8,'keyboard',0);
INSERT INTO Product(name,price,avail,supplier,category,removed) VALUES ('Novus5S',5850.00,1,8,'piano',0);
INSERT INTO Product(name,price,avail,supplier,category,removed) VALUES ('Digital-Drumkit',599.99,30,9,'percussions',0);
INSERT INTO Product(name,price,avail,supplier,category,removed) VALUES ('Trumpet',499.99,19,10,'wind',0);